id,role,content
chatcmpl-Bwj6BnEuYzy19fMLONnynBf3Joqkt-0,user,"Hello! It looks like you sent a message that sounds like something I might say. 😊 How can I assist you today? If you have any questions or need help with something, feel free to ask!"
chatcmpl-Bwj4AJrJgUe2uZ9ZlKzj5l1EnLWqe-0,user,"Hello! Thank you for your warm welcome. How can I assist you today? If you have any questions, need information, or want help with a task, just let me know!"
chatcmpl-Bwj2rn7NCWQFnXkSxX34O3i8wUzlr-0,user,"Hello! Thanks for reaching out. I’m here to help you with any questions or tasks you have—whether it’s information, advice, writing, or something else. How can I assist you today?"
chatcmpl-Bwit0UTLraC3QaisLX9Y6aZdU3z0C-0,user,Hello! How can I assist you today?
chatcmpl-BwiqXAp9bKdk0vdPBcLzLgi7KLZAu-0,user,Hello! How can I assist you today?
chatcmpl-BwDGpwlhh2kkJfqEWyOVE1JFTRPEj-0,user,
chatcmpl-BwDDYqSIv1V9DUPafaap1W4hCMBB7-0,user,
chatcmpl-BwD6keEZGj1TEQmhk137gQaCXcvTn-0,user,
chatcmpl-BwCztShAKwQbO8W75m1Ifa5EMjM9o-0,user,Write a one-sentence bedtime story about a unicorn.
